Las Vegas, NV
Raleigh-Durham-Fayetteville,  NC
Tampa-St. Petersburg, FL
Cleveland, Ohio
Ceder Rapids-Waterloo-Iowa City-Dublin, Iowa
Philadelphia, PA
Denver, CO
Milwaukee, WI
San Francisco-Oakland-San Jose, CA
Phoenix-Prescott, AZ
Boston, MA/Manchester, NH
Cincinnati, OH
Norfolk-Portsmouth-Newport News, NC
Greenville-Spartanburg, SC/Asheville-Anderson, NC
Washington, DC/Hagerstown, MD
New York City, NY
Miami-Fort Lauderdale, FL
Orlando-Daytona Beach-Melbourne, FL
Sioux City, Iowa
Reno, NV
Des Moines-Ames, Iowa
Charlotte, NC
Colorado Springs-Pueblo, CO
Columbia, SC
Roanoke-Lynchburg, VA